Artist,Title,Year,URL,backcol
Oimara,Wackelkontakt,2024,https://www.youtube.com/watch?v=1SXQfd8f-o0,
Rosé / Bruno Mars,APT.,2024,https://www.youtube.com/watch?v=ekr2nIex040,
Zartmann,Tau mich auf,2025,https://www.youtube.com/watch?v=mRsfUm8YpTc,
Alex Warren,Ordinary,2025,https://www.youtube.com/watch?v=byxFUKxhT3s,
Huntr/X / Ejae / Audrey Nuna / Rei Ami / KPop Demon Hunters Cast,Golden,2025,https://www.youtube.com/watch?v=yebNIHKAC4A,
Linkin Park,The Emptiness Machine,2024,https://www.youtube.com/watch?v=SRXH9AbT280,
Jazeek,Akon,2025,https://www.youtube.com/watch?v=eZlFOSbgDlo,
Gracie Abrams,That's So True,2024,https://www.youtube.com/watch?v=G_lNBrDJQC8,
WizTheMc x Bees & Honey,Show Me Love,2025,https://www.youtube.com/watch?v=Z3aduh5fxCo,
Lola Young,Messy,2024,https://www.youtube.com/watch?v=k-k2_Liofy8,
Lady Gaga & Bruno Mars,Die With A Smile,2024,https://www.youtube.com/watch?v=kPa7bsKwL-c,
Nina Chuba,Fata Morgana,2024,https://www.youtube.com/watch?v=ZMocW1Esxk4,
Artemas,I Like The Way You Kiss Me,2024,https://www.youtube.com/watch?v=evJ6gX1lp2o,
Ayliva x Apache 207,Wunder,2024,https://www.youtube.com/watch?v=m6bf0ItI2-8,
Benson Boone,Beautiful Things,2024,https://www.youtube.com/watch?v=Oa_RSwwpPaA,
Cyril,Stumblin' In,2023,https://www.youtube.com/watch?v=d5wURLqNTXE,
Bennett,Vois sur ton chemin,2023,https://www.youtube.com/watch?v=f4gODZFkTJg,
Cassö / Raye / D-Block Europe,Prada,2023,https://www.youtube.com/watch?v=zFMYL0XQ3lA,
"$oho Bani, Herbert Grönemeyer, Ericson","Zeit, dass sich was dreht",2024,https://www.youtube.com/watch?v=GwTveAHmDp8,
Mark Ambor,Belong Together,2024,https://www.youtube.com/watch?v=xPWnNFF-TAw,
Ofenbach feat. Norma Jean Martine,Overdrive,2023,https://www.youtube.com/watch?v=1sM89qLmd9Y,
Tate McRae,Greedy,2023,https://www.youtube.com/watch?v=UTmZqY_arzk,
Teddy Swims,Lose Control,2023,https://www.youtube.com/watch?v=QvvhiIevsX8,
Udo Lindenberg & Apache 207,Komet,2023,https://www.youtube.com/watch?v=LEvlLtGYPwk,
Miley Cyrus,Flowers,2023,https://www.youtube.com/watch?v=G7KNmW9a75Y,
Ayliva feat. Mero,Sie weiß,2023,https://www.youtube.com/watch?v=inQJEetHQ1M,
David Guetta & Bebe Rexha,I'm Good (Blue),2022,https://www.youtube.com/watch?v=90RLzVUuXe4,
Peter Fox feat. Inéz,Zukunft Pink,2022,https://www.youtube.com/watch?v=WXlqCEJ9QZk,
Miksu / MacLoud / Makko,Nachts wach,2022,https://www.youtube.com/watch?v=hqznO-babNE,
SIRA / Badchieff / Bausa,9 bis 9,2023,https://www.youtube.com/watch?v=Air9tGk6wFM,
Yung Yury & Damn Yury,Tabu.,2023,https://www.youtube.com/watch?v=pV67OF8D8ps,
Tom Odell,Another Love,2012,https://www.youtube.com/watch?v=MwpMEbgC7DA,
Eminem,Mockingbird,2005,https://www.youtube.com/watch?v=S9bCLPwzSC0,
"Ski Aggu, Joost & Otto Waalkes",Friesenjung,2023,https://www.youtube.com/watch?v=k9v93zJ1yXo,
DJ Robin & Schürze,Layla,2022,https://www.youtube.com/watch?v=vQIIpesCiew,
Glass Animals,Heat Waves,2020,https://www.youtube.com/watch?v=rfTgO9rpqck,
Luciano,Beautiful Girl,2022,https://www.youtube.com/watch?v=BWUR1e6fMtw,
Gayle,abcdefu,2021,https://www.youtube.com/watch?v=NaFd8ucHLuo,
Ed Sheeran,Shivers,2021,https://www.youtube.com/watch?v=z2_Lrg6rRks,
Harry Styles,As It Was,2022,https://www.youtube.com/watch?v=Qfm6nfz1QNQ,
Lost Frequencies / Calum Scott,Where Are You Now,2021,https://www.youtube.com/watch?v=k7Q2kt_MZRk,
Miksu / MacLoud & T-Low,Sehnsucht,2022,https://www.youtube.com/watch?v=XQd6YzS1Ydg,
Elton John & Dua Lipa,Cold Heart,2021,https://www.youtube.com/watch?v=oGZ1PVwJyPQ,
Nina Chuba,Wildberry Lillet,2022,https://www.youtube.com/watch?v=YScncKo0yRY,
Nathan Evans,Wellerman,2021,https://www.youtube.com/watch?v=qP-7GNoDJ5c,
Ed Sheeran,Bad Habits,2021,https://www.youtube.com/watch?v=orJSJGHjBLI,
Tiësto,The Business,2020,https://www.youtube.com/watch?v=wJS9eb6_o00,
Riton x Nightcrawlers feat. Mufasa & Hypeman,Friday (Dopamine Re-Edit),2021,https://www.youtube.com/watch?v=-BkcictxDCA,
The Weeknd,Save Your Tears,2020,https://www.youtube.com/watch?v=u6lihZAcy4s,
The Kid Laroi / Justin Bieber,Stay,2021,https://www.youtube.com/watch?v=yWHrYNP6j4k,
Shouse,Love Tonight,2021,https://www.youtube.com/watch?v=-d72XNa4yIM,
atb x Topic x A7S,Your Love (9PM),2021,https://www.youtube.com/watch?v=pk1btLJQjTw,
Olivia Rodrigo,Good 4 U,2021,https://www.youtube.com/watch?v=tmIO0eSAXrw,
Bausa feat. Apache 207,Madonna,2021,https://www.youtube.com/watch?v=dKhBE_no8d8,
The Weeknd,Blinding Lights,2019,https://www.youtube.com/watch?v=fHI8X4OXluQ,
SAINt JHN,Roses (Imanbek Remix),2019,https://www.youtube.com/watch?v=ele2DMU49Jk,
Topic feat. A7S,Breaking Me,2019,https://www.youtube.com/watch?v=_IWxwbyDIws,
Ufo361,Emotions,2020,https://www.youtube.com/watch?v=uSXzme--hvM,
Jawsh 685 & Jason Derulo,Savage Love (Laxed - Siren Beat),2020,https://www.youtube.com/watch?v=mUuyEX2M0gc,
DaBaby feat. Roddy Ricch,Rockstar,2020,https://www.youtube.com/watch?v=83xBPCw5hh4,
Regard,Ride It,2019,https://www.youtube.com/watch?v=LoSm6VkplJc,
Apache 207,Fame,2020,https://www.youtube.com/watch?v=YPuUpulF1ag,
Lil Nas X,Old Town Road,2018,https://www.youtube.com/watch?v=r7qovpFAGrQ,
Tones And I,Dance Monkey,2019,https://www.youtube.com/watch?v=1__CAdTJ5JU,
Apache 207,Roller,2019,https://www.youtube.com/watch?v=d9GdSZygkrQ,
Juju feat. Henning May,Vermissen,2019,https://www.youtube.com/watch?v=nIk2kADj3RQ,
Ava Max,Sweet But Psycho,2018,https://www.youtube.com/watch?v=00gGJ8BuWe0,
Billie Eilish,Bad Guy,2019,https://www.youtube.com/watch?v=DyDfgMOUjCI,
Shawn Mendes & Camila Cabello,Señorita,2019,https://www.youtube.com/watch?v=Pkh8UtuejGw,
Ed Sheeran & Justin Bieber,I Don't Care,2019,https://www.youtube.com/watch?v=CCSGelSCPGE,
Capital Bra x Samra,Tilidin,2019,https://www.youtube.com/watch?v=vOkXxRw2zSo,
Samra & Capital Bra,Wieder Lila,2019,https://www.youtube.com/watch?v=dn9g1v4Sht0,
Dynoro & Gigi D’Agostino,In My Mind,2018,https://www.youtube.com/watch?v=W9P_qUnMaFg,
Ed Sheeran,Perfect,2017,https://www.youtube.com/watch?v=2Vv-BfVoq4g,
Calvin Harris & Dua Lipa,One Kiss,2018,https://www.youtube.com/watch?v=YaOlxgJHif0,
Dennis Lloyd,Nevermind,2016,https://www.youtube.com/watch?v=naW6-WxmMiU,
El Profesor,Bella ciao (Hugel Remix),2018,https://www.youtube.com/watch?v=jhgJV0Pg54Y,
Namika feat. Black M,Je ne parle pas français (Beatgees Remix),2018,https://www.youtube.com/watch?v=Cz1rJtlGHVs,
Clean Bandit feat. Demi Lovato,Solo,2018,https://www.youtube.com/watch?v=8JnfIa84TnU,
Marshmello & Anne-Marie,Friends,2018,https://www.youtube.com/watch?v=CY8E6N5Nzec,
Luis Fonsi & Demi Lovato,Échame la culpa,2017,https://www.youtube.com/watch?v=TyHvyGVs42U,
Ed Sheeran,Shape Of You,2017,https://www.youtube.com/watch?v=liTfD88dbCo,
Luis Fonsi feat. Daddy Yankee,Despacito,2017,https://www.youtube.com/watch?v=gm3-m2CFVWM,
The Chainsmokers & Coldplay,Something Just Like This,2017,https://www.youtube.com/watch?v=FM7MFYoylVs,
Imagine Dragons,Thunder,2017,https://www.youtube.com/watch?v=GtEvysh1654,
Burak Yeter feat. Danelle Sandoval,Tuesday,2016,https://www.youtube.com/watch?v=ZIMfB0cHBu8,
Axwell /\ Ingrosso,More Than You Know,2017,https://www.youtube.com/watch?v=8yGKJl_U4Gg,
Robin Schulz feat. James Blunt,OK,2017,https://www.youtube.com/watch?v=s5-p97eN6z0,
Bausa,Was du Liebe nennst,2017,https://www.youtube.com/watch?v=K5IULVTz2Mo,
French Montana feat. Swae Lee,Unforgettable,2017,https://www.youtube.com/watch?v=MIcIza4sqaM,
Ed Sheeran,Galway Girl,2017,https://www.youtube.com/watch?v=XjHr-6Zl5P8,
Alan Walker,Faded,2015,https://www.youtube.com/watch?v=qdpXxGPqW-Y,
Stereoact feat. Kerstin Ott,Die immer lacht,2015,https://www.youtube.com/watch?v=x0uFddMsdGE,
Sia feat. Sean Paul,Cheap Thrills,2016,https://www.youtube.com/watch?v=nEIHHydwec8,
Imany,Don't Be So Shy (Filatov & Karas Remix),2015,https://www.youtube.com/watch?v=6ATjxh-pwlQ,
Drake feat. Wizkid & Kyla,One Dance,2016,https://www.youtube.com/watch?v=mym4sKoAnKs,
Kungs vs. Cookin' On 3 Burners,This Girl,2016,https://www.youtube.com/watch?v=9cQVGgiLMQo,
The Chainsmokers feat. Daya,Don't Let Me Down,2016,https://www.youtube.com/watch?v=sY8aL17tusg,
Twenty One Pilots,Stressed Out,2015,https://www.youtube.com/watch?v=cd0BaSATO4M,
Rag'n'Bone Man,Human,2016,https://www.youtube.com/watch?v=AR0E8p2kYHE,
Justin Timberlake,Can't Stop The Feeling!,2016,https://www.youtube.com/watch?v=0Ui-QzihJGo,
Omi,Cheerleader (Felix Jaehn Remix),2014,https://www.youtube.com/watch?v=i1Jp-V4jalI,
Lost Frequencies,Are You With Me,2014,https://www.youtube.com/watch?v=SnROamdnYS4,
Felix Jaehn feat. Jasmine Thompson,Ain't Nobody (Loves Me Better),2015,https://www.youtube.com/watch?v=KpWF1q8gFtE,
Ellie Goulding,Love Me Like You Do,2015,https://www.youtube.com/watch?v=725WlG1idPc,
Major Lazer & DJ Snake feat. MØ,Lean On,2015,https://www.youtube.com/watch?v=rn9AQoI7mYU,
Sido feat. Andreas Bourani,Astronaut,2015,https://www.youtube.com/watch?v=Xv9oGI_KhLk,
Adele,Hello,2015,https://www.youtube.com/watch?v=8fIUkINS1uo,
Robin Schulz feat. Francesco Yates,Sugar,2015,https://www.youtube.com/watch?v=jPW5A_JyXCY,
Wiz Khalifa feat. Charlie Puth,See You Again,2015,https://www.youtube.com/watch?v=NDEWXnMRq3c,
Kygo feat. Conrad,Firestone,2014,https://www.youtube.com/watch?v=f8kJa6JYK9Q,
Helene Fischer,Atemlos durch die Nacht,2013,https://www.youtube.com/watch?v=haECT-SerHk,
Pharrell Williams,Happy,2013,https://www.youtube.com/watch?v=jv-pYB0Qw9A,
Mr Probz,Waves (Robin Schulz Remix),2014,https://www.youtube.com/watch?v=UeDQ-Wk6HdQ,
Andreas Bourani,Auf uns,2014,https://www.youtube.com/watch?v=pg9k-lAM7M8,
Mark Forster feat. Sido,Au revoir,2014,https://www.youtube.com/watch?v=RMP97r5-74g,
Lilly Wood & The Prick and Robin Schulz,Prayer In C (Robin Schulz Remix),2014,https://www.youtube.com/watch?v=J1oKxRCghr4,
Clean Bandit feat. Jess Glynne,Rather Be,2014,https://www.youtube.com/watch?v=jUjDcqdvCrk,
Ed Sheeran,I See Fire,2013,https://www.youtube.com/watch?v=GvGLjYdMzJs,
Cro,Traum,2014,https://www.youtube.com/watch?v=bx3RE9sY8lA,
OneRepublic,Love Runs Out,2014,https://www.youtube.com/watch?v=m-j-n-XJ-Tg,
Avicii,Wake Me Up!,2013,https://www.youtube.com/watch?v=5y_KJAg8bHI,
Robin Thicke feat. T.I. + Pharrell,Blurred Lines,2013,https://www.youtube.com/watch?v=UYV9yabvYGs,
will.i.am & Britney Spears,Scream & Shout,2012,https://www.youtube.com/watch?v=J9W-_W50ChE,
Daft Punk feat. Pharrell Williams,Get Lucky,2013,https://www.youtube.com/watch?v=5NV6Rdv1a3I,
Passenger,Let Her Go,2012,https://www.youtube.com/watch?v=JLdjXD_QfU0,
Macklemore & Ryan Lewis feat. Ray Dalton,Can't Hold Us,2011,https://www.youtube.com/watch?v=dbevJM-2lcY,
Macklemore & Ryan Lewis feat. Wanz,Thrift Shop,2012,https://www.youtube.com/watch?v=2LjZbRpW2Eo,
Capital Cities,Safe And Sound,2011,https://www.youtube.com/watch?v=jR-OsKMD80c,
Imagine Dragons,Radioactive,2012,https://www.youtube.com/watch?v=w3viBe2Q0P8,
Naughty Boy feat. Sam Smith,La La La,2013,https://www.youtube.com/watch?v=tM5xhFs5HHk,
Michel Teló,Ai se eu te pego!,2011,https://www.youtube.com/watch?v=ALRxqOpMewE,
Die Toten Hosen,Tage wie diese,2012,https://www.youtube.com/watch?v=5vgrZcppZLs,
Lykke Li,I Follow Rivers,2011,https://www.youtube.com/watch?v=9dzub7uXWl4,
Gotye feat. Kimbra,Somebody That I Used To Know,2011,https://www.youtube.com/watch?v=t_dLoOXy8PA,
Asaf Avidan,One Day / Reckoning Song (Wankelmut Rmx),2012,https://www.youtube.com/watch?v=KRAMNWzfjcg,
Carly Rae Jepsen,Call Me Maybe,2011,https://www.youtube.com/watch?v=47EG91_XHic,
Rihanna,Diamonds,2012,https://www.youtube.com/watch?v=SZGgjpjnzOs,
Psy,Gangnam Style,2012,https://www.youtube.com/watch?v=iSF26HsmeRI,
Loreen,Euphoria,2012,https://www.youtube.com/watch?v=t5qURKt4maw,
Olly Murs feat. Rizzle Kicks,Heart Skips A Beat,2011,https://www.youtube.com/watch?v=Ie6eUV4jKgs,
Jennifer Lopez feat. Pitbull,On The Floor,2011,https://www.youtube.com/watch?v=70XspGKI8kQ,
Alexandra Stan,Mr. Saxobeat,2010,https://www.youtube.com/watch?v=otE904f2rzo,
Bruno Mars,Grenade,2010,https://www.youtube.com/watch?v=4YrzJ9RZ9qY,
Adele,Rolling In The Deep,2010,https://www.youtube.com/watch?v=1CigMPtm4FM,
Pietro Lombardi,Call My Name,2011,https://www.youtube.com/watch?v=ej1-VoqPRe8,
Marlon Roudette,New Age,2011,https://www.youtube.com/watch?v=Xory05HzrTs,
Snoop Dogg vs. David Guetta,Sweat,2011,https://www.youtube.com/watch?v=AZe6uPY3MCs,
LMFAO feat. Lauren Bennett & GoonRock,Party Rock Anthem,2011,https://www.youtube.com/watch?v=tsMDKjb54EM,
"Pitbull feat. Ne-Yo, Afrojack & Nayer",Give Me Everything,2011,https://www.youtube.com/watch?v=3MqUW5txLjs,
Tim Bendzko,Nur noch kurz die Welt retten,2011,https://www.youtube.com/watch?v=E-xf_H2xiAg,
Israel IZ Kamakawiwo'ole,Over The Rainbow,1993,https://www.youtube.com/watch?v=1TLANYvPGPE,
Shakira feat. Freshlyground,Waka Waka (This Time For Africa),2010,https://www.youtube.com/watch?v=czWcyZRAMtk,
Lena Meyer-Landrut,Satellite,2010,https://www.youtube.com/watch?v=8QSgNM9yNjo,
Unheilig,Geboren um zu leben,2010,https://www.youtube.com/watch?v=1YOovPkiMrk,
Yolanda Be Cool & DCup,We No Speak Americano,2010,https://www.youtube.com/watch?v=7E9Ed9DUQoQ,
K'naan,Wavin' Flag,2009,https://www.youtube.com/watch?v=PO2Fm4-WRjo,
Stromae,Alors on danse,2009,https://www.youtube.com/watch?v=EthK3XH_FEU,
Hurts,Wonderful Life,2009,https://www.youtube.com/watch?v=W4iqpure8Wg,
Keri Hilson,I Like,2009,https://www.youtube.com/watch?v=sv7ewxKefzc,
Ke$ha,TiK ToK,2009,https://www.youtube.com/watch?v=OF04pKp-r9o,
Lady Gaga,Poker Face,2008,https://www.youtube.com/watch?v=BvJSig2WhnY,
Emilíana Torrini,Jungle Drum,2008,https://www.youtube.com/watch?v=3zgai4KHnjM,
Milow,Ayo Technology,2008,https://www.youtube.com/watch?v=XKO7YMbdp9s,
Cassandra Steen feat. Adel Tawil,Stadt,2009,https://www.youtube.com/watch?v=ltQNeihjqB0,
Mando Diao,Dance With Somebody,2009,https://www.youtube.com/watch?v=HUEHuDbh8mY,
Razorlight,Wire To Wire,2008,https://www.youtube.com/watch?v=ffKx2oP2pjQ,
Silbermond,Irgendwas bleibt,2009,https://www.youtube.com/watch?v=mDXElPTxJ70,
Gossip,Heavy Cross,2009,https://www.youtube.com/watch?v=-6XYauhBMQE,
The Black Eyed Peas,I Gotta Feeling,2009,https://www.youtube.com/watch?v=ipii7KbbJLY,
David Guetta feat. Kelly Rowland,When Love Takes Over,2009,https://www.youtube.com/watch?v=X-OSOtL401o,
Timbaland Presents OneRepublic,Apologize,2007,https://www.youtube.com/watch?v=rF5oITEq43Q,
Leona Lewis,Bleeding Love,2007,https://www.youtube.com/watch?v=3SttVoJ_8N8,
Kid Rock,All Summer Long,2008,https://www.youtube.com/watch?v=yc_il86U6ik,
Schnuffel,Kuschel Song,2008,https://www.youtube.com/watch?v=zAHZoUa-hAg,
Katy Perry,I Kissed A Girl,2008,https://www.youtube.com/watch?v=xHOgq4C8P9Y,
Duffy,Mercy,2008,https://www.youtube.com/watch?v=eJCrb1oNbH4,
Ich + Ich,So soll es bleiben,2008,https://www.youtube.com/watch?v=nTb-tyfFcTM,
Amy Macdonald,This Is The Life,2007,https://www.youtube.com/watch?v=QBlq5sJWVbs,
Madonna & Justin,4 Minutes,2008,https://www.youtube.com/watch?v=tL6oGbz_kkk,
Gabriella Cilmi,Sweet About Me,2008,https://www.youtube.com/watch?v=TREC5FzgHrg,
DJ Ötzi & Nik P.,Ein Stern (... der deinen Namen trägt),2007,https://www.youtube.com/watch?v=2Ua9af7xC9c,
Nelly Furtado,All Good Things (Come To An End),2006,https://www.youtube.com/watch?v=ZIWSXIUJm0g,
Nelly Furtado,Say It Right,2006,https://www.youtube.com/watch?v=NmJmtKFAhiE,
Ville Valo & Natalia Avelon,Summer Wine,2007,https://www.youtube.com/watch?v=ONdsLfVZMso,
Rihanna feat. Jay-Z,Umbrella,2007,https://www.youtube.com/watch?v=EPtrQpx9VDw,
Ich + Ich,Vom selben Stern,2007,https://www.youtube.com/watch?v=cDoHZb9vCs4,
Mark Medlock,Now Or Never,2007,https://www.youtube.com/watch?v=wHN8AJZsSx0,
Mark Medlock / Dieter Bohlen,You Can Get It,2007,https://www.youtube.com/watch?v=HHKRTIqmn6Y,
Monrose,Shame,2006,https://www.youtube.com/watch?v=hVkfam4U5aY,
Culcha Candela,Hamma!,2007,https://www.youtube.com/watch?v=3q9fD6UA4xs,
"Bob Sinclar presents Goleo VI feat. Gary ""Nesta"" Pine",Love Generation,2005,https://www.youtube.com/watch?v=QCIDt2ul2eA,
Texas Lightning,No No Never,2006,https://www.youtube.com/watch?v=6qWYNtUdLwM,
Shakira feat. Wyclef Jean,Hips Don't Lie,2006,https://www.youtube.com/watch?v=p3pEe6aAJ4k,
Gnarls Barkley,Crazy,2006,https://www.youtube.com/watch?v=-N4jf6rtyuw,
Sportfreunde Stiller,"'54, '74, '90, 2006",2006,https://www.youtube.com/watch?v=nIuCCbmQalU,
Herbert Grönemeyer feat. Amadou & Mariam,"Zeit, dass sich was dreht",2006,https://www.youtube.com/watch?v=LKi4BlO_ls8,
Mattafix,Big City Life,2005,https://www.youtube.com/watch?v=nWtyRT99Rfg,
Silbermond,Das Beste,2006,https://www.youtube.com/watch?v=LyYAQHDMqfA,
Eros Ramazzotti & Anastacia,I Belong To You (il ritmo della passione),2005,https://www.youtube.com/watch?v=hNzunFoClh0,
Xavier Naidoo,Dieser Weg,2005,https://www.youtube.com/watch?v=RPN88D_HjMU,
Tokio Hotel,Durch den Monsun,2005,https://www.youtube.com/watch?v=ckKCBRxN2J0,
Akon,Lonely,2004,https://www.youtube.com/watch?v=w4RXGsLyfXU,
K-Maro,Femme Like U (Donne-moi ton corps),2004,https://www.youtube.com/watch?v=DGtoNVi66HA,
Söhne Mannheims,Und wenn ein Lied,2004,https://www.youtube.com/watch?v=7kjhvEBzayk,
Juanes,La camisa negra,2005,https://www.youtube.com/watch?v=KVLHUXyzobM,
50 Cent feat. Olivia,Candy Shop,2005,https://www.youtube.com/watch?v=AYZIIATwgks,
The Pussycat Dolls feat. Busta Rhymes,Don't Cha,2005,https://www.youtube.com/watch?v=dsKW6RJdzLM,
Die Firma,Die Eine 2005,2005,https://www.youtube.com/watch?v=HR00F3VnlcE,
Ch!pz,Ch!pz In Black (Who You Gonna Call),2005,https://www.youtube.com/watch?v=GfHb9wtIv7A,
O-Zone,Dragostea din tei,2003,https://www.youtube.com/watch?v=3xx0s147Xj4,
De Randfichten,Lebt denn dr alte Holzmichl noch...?,2004,https://www.youtube.com/watch?v=nhe4HekzFio,
Usher feat. Lil' Jon & Ludacris,Yeah,2004,https://www.youtube.com/watch?v=iCL04cxeMOE,
Eamon,F**k It (I Don't Want You Back),2003,https://www.youtube.com/watch?v=QYwyaCd8MyI,
Max,Can't Wait Until Tonight,2004,https://www.youtube.com/watch?v=5ZX9Ig7XXsw,
The Black Eyed Peas,Shut Up,2003,https://www.youtube.com/watch?v=nKQ3yZvN1To,
Oomph!,Augen auf!,2004,https://www.youtube.com/watch?v=HP-5fvykK78,
Aventura,Obsesión,2002,https://www.youtube.com/watch?v=be-9ZBnhkjY,
Haiducii,Dragostea din tei,2004,https://www.youtube.com/watch?v=YnopHCL1Jk8,
Mario Winans feat. Enya & P. Diddy,I Don't Wanna Know,2004,https://www.youtube.com/watch?v=84nxR3fAwdc,
Deutschland sucht den Superstar,We Have A Dream,2002,https://www.youtube.com/watch?v=ArXW2QBa5XE,
Alexander,Take Me Tonight,2003,https://www.youtube.com/watch?v=3M3l69Mjwoo,
Yvonne Catterfeld,Für dich,2003,https://www.youtube.com/watch?v=chQBjzF0rKM,
RZA feat. Xavier Naidoo,Ich kenne nichts (das so schön ist wie du),2003,https://www.youtube.com/watch?v=RPN88D_HjMU,
t.A.T.u.,All The Things She Said,2002,https://www.youtube.com/watch?v=zJBoTO6vZCc,
Eminem,Lose Yourself,2002,https://www.youtube.com/watch?v=tR1ECf4sEpw,
Outlandish,Aicha,2003,https://www.youtube.com/watch?v=BAGPTKnDXko,
The Black Eyed Peas,Where Is The Love?,2003,https://www.youtube.com/watch?v=2vlJbwKiH68,
Lumidee,Never Leave You (Uh-Oooh),2003,https://www.youtube.com/watch?v=TkOrydZNd8w,
The Rasmus,In The Shadows,2003,https://www.youtube.com/watch?v=WO8YyLYKMvA,
Las Ketchup,The Ketchup Song (Aserejé),2002,https://www.youtube.com/watch?v=CiUoRnPcJ3I,
Shakira,Whenever Wherever,2001,https://www.youtube.com/watch?v=5v-WAEvA7C4,
Herbert Grönemeyer,Mensch,2002,https://www.youtube.com/watch?v=_HvgCucmeaY,
Eminem,Without Me,2002,https://www.youtube.com/watch?v=-8xhmV3JoG4,
Die Gerd Show,Der Steuersong (Las Kanzlern),2002,https://www.youtube.com/watch?v=bClxnZd7JtU,
Ben feat. Gim,Engel,2002,https://www.youtube.com/watch?v=VoZlmEcACCc,
Tiziano Ferro,Perdono,2001,https://www.youtube.com/watch?v=NATTi6tU1ZA,
Shakira,Underneath Your Clothes,2002,https://www.youtube.com/watch?v=npYAW4jNOXQ,
B3,I.O.I.O.,2002,https://www.youtube.com/watch?v=i8Q-3XUEK4g,
Wonderwall,Just More,2002,https://www.youtube.com/watch?v=LrwOVmJ9K1E,
No Angels,Daylight In Your Eyes,2001,https://www.youtube.com/watch?v=BsC4QXAERzg,
Enya,Only Time,2000,https://www.youtube.com/watch?v=upkYQqbrjSc,
Safri Duo,Played-A-Live (The Bongo Song),2000,https://www.youtube.com/watch?v=IksRDCMYnn8,
Kylie Minogue,Can't Get You Out Of My Head,2001,https://www.youtube.com/watch?v=WYm69mk5j48,
Crazy Town,Butterfly,2000,https://www.youtube.com/watch?v=R88FZTjAqjM,
Atomic Kitten,Whole Again,2001,https://www.youtube.com/watch?v=y-xxpk34KPk,
Wheatus,Teenage Dirtbag,2000,https://www.youtube.com/watch?v=K9EqStdNPT8,
Uncle Kracker,Follow Me,2000,https://www.youtube.com/watch?v=-CTuUjP3i0w,
Shaggy feat. Rayvon,Angel,2001,https://www.youtube.com/watch?v=C59dJfEFz2w,
Hermes House Band,Country Roads,2001,https://www.youtube.com/watch?v=Nf_wuqAjhfQ,
Anton feat. DJ Ötzi,Anton aus Tirol,1999,https://www.youtube.com/watch?v=dvyp9mjH-24,
Rednex,The Spirit Of The Hawk,2000,https://www.youtube.com/watch?v=Yau8nHOXhug,
ATC,Around The World (La La La La La),2000,https://www.youtube.com/watch?v=83SQJ2W5phY,
Bomfunk MCs,Freestyler,1999,https://www.youtube.com/watch?v=C6TrrMEMxkA,
Bon Jovi,It's My Life,2000,https://www.youtube.com/watch?v=o9YyEeHSC4U,
Zlatko,Ich vermiss' dich... (wie die Hölle),2000,https://www.youtube.com/watch?v=_BLfvl2jGDc,
Santana feat. The Product G&B,Maria Maria,1999,https://www.youtube.com/watch?v=bu-_wLAaRJU,
Zlatko & Jürgen,Großer Bruder,2000,https://www.youtube.com/watch?v=cTDOT4wyxuA,
Ayman,Mein Stern,2000,https://www.youtube.com/watch?v=PXSL7r4dtQo,
Britney Spears,Lucky,2000,https://www.youtube.com/watch?v=IIETqqjlOWo,
Lou Bega,Mambo No. 5 (A Little Bit Of...),1999,https://www.youtube.com/watch?v=CiaMTs7dI4E,
Eiffel 65,Blue (Da Ba Dee),1998,https://www.youtube.com/watch?v=JhSVQDaUNg4,
Britney Spears,...Baby One More Time,1998,https://www.youtube.com/watch?v=hitIxB22QcI,
Emilia,Big Big World,1998,https://www.youtube.com/watch?v=AyrxKqkBhvo,
Whitney Houston,My Love Is Your Love,1998,https://www.youtube.com/watch?v=FLCSfF6wF24,
Oli. P,So bist du (und wenn Du gehst...),1999,https://www.youtube.com/watch?v=NAG39kdob4w,
Christina Aguilera,Genie In A Bottle,1999,https://www.youtube.com/watch?v=PDdVs-naJLs,
Mr. Oizo,Flat Beat,1999,https://www.youtube.com/watch?v=qmsbP13xu6k,
Xavier Naidoo,Sie sieht mich nicht,1999,https://www.youtube.com/watch?v=zIBJ9Kdcy9w,
Wamdue Project,King Of My Castle,1997,https://www.youtube.com/watch?v=oGW1dRNc314,
Céline Dion,My Heart Will Go On,1997,https://www.youtube.com/watch?v=mNsm2P0l_7Y,
Oli. P,Flugzeuge im Bauch,1998,https://www.youtube.com/watch?v=gTg3TIAmFUk,
Die Ärzte,Ein Schwein namens Männer,1998,https://www.youtube.com/watch?v=mYtPAtHtlgo,
Falco,Out Of The Dark,1998,https://www.youtube.com/watch?v=EO96nzs4nsI,
Wes,Alane,1997,https://www.youtube.com/watch?v=EbvCbrRmQ9I,
Run-D.M.C. vs. Jason Nevins,It's Like That,1997,https://www.youtube.com/watch?v=TLGWQfK-6DY,
4 The Cause,Stand By Me,1998,https://www.youtube.com/watch?v=LXbhqEBRX9Q,
Witt / Heppner,Die Flut,1998,https://www.youtube.com/watch?v=vIOSucOj2_k,
Loona,Bailando,1998,https://www.youtube.com/watch?v=Mu-ZUF-32So,
Céline Dion with the Bee Gees,Immortality,1998,https://www.youtube.com/watch?v=Ob9SZik7LNY,
Sarah Brightman & Andrea Bocelli,Time To Say Goodbye (Con te partirò),1996,https://www.youtube.com/watch?v=pIZtv2UmffA,
Puff Daddy & Faith Evans feat. 112,I'll Be Missing You,1997,https://www.youtube.com/watch?v=yVX52rZipbo,
Elton John,Candle In The Wind,1997,https://www.youtube.com/watch?v=OefdqK3jKi0,
Will Smith,Men In Black,1997,https://www.youtube.com/watch?v=juhQ-UM0O6M,
Tic Tac Toe,Warum?,1997,https://www.youtube.com/watch?v=S2lWV74yZ5o,
No Doubt,Don't Speak,1996,https://www.youtube.com/watch?v=ecgXVeJaYwE,
Nana,Lonely,1997,https://www.youtube.com/watch?v=dZvU2UfJFlA,
Aqua,Barbie Girl,1997,https://www.youtube.com/watch?v=ZyhrYis509A,
Members Of Mayday,Sonic Empire,1997,https://www.youtube.com/watch?v=uCeqmPgRmUs,
Bellini,Samba de Janeiro,1997,https://www.youtube.com/watch?v=HAiHEQblKeQ,
Fugees,Killing Me Softly (With His Song),1996,https://www.youtube.com/watch?v=l5Y7fyeORRE,
Robert Miles,Children,1995,https://www.youtube.com/watch?v=rZGPAdH2WnA,
Los del Rio,Macarena,1995,https://www.youtube.com/watch?v=2zvd1JQ0EKY,
Faithless,Insomnia,1995,https://www.youtube.com/watch?v=mCgr98fm85E,
Fool's Garden,Lemon Tree,1995,https://www.youtube.com/watch?v=wVOM71RXl24,
The Kelly Family,"I Can't Help Myself (I Love You, I Want You)",1996,https://www.youtube.com/watch?v=91GuU8KE7b0,
Michael Jackson,They Don't Care About Us,1996,https://www.youtube.com/watch?v=VM5dsc38iRE,
Mr. President,Coco Jamboo,1996,https://www.youtube.com/watch?v=yx5djqAnqeY,
No Mercy,Where Do You Go,1996,https://www.youtube.com/watch?v=NcdK81P1aSM,
Spice Girls,Wannabe,1996,https://www.youtube.com/watch?v=Rj8k5oync78,
Vangelis,Conquest Of Paradise,1992,https://www.youtube.com/watch?v=zc4NKFeVHio,
Coolio feat. L.V.,Gangsta's Paradise,1995,https://www.youtube.com/watch?v=V79D8__4W9g,
Rednex,Wish You Were Here,1995,https://www.youtube.com/watch?v=ErBdnBa7ShE,
The Cranberries,Zombie,1994,https://www.youtube.com/watch?v=BxrLVldZtmg,
Scatman John,Scatman (Ski-Ba-Bop-Ba-Dop-Bop),1994,https://www.youtube.com/watch?v=pMg5v17bOMU,
Bryan Adams,Have You Ever Really Loved A Woman?,1995,https://www.youtube.com/watch?v=ftFhSVuWuiM,
Take That,Back For Good,1995,https://www.youtube.com/watch?v=PfBiHreepic,
Mark 'Oh,Tears Don't Lie,1994,https://www.youtube.com/watch?v=EJ1zU9uF0No,
La Bouche,Be My Lover,1995,https://www.youtube.com/watch?v=2R3_J3_suWI,
Gompie,"Alice, Who The X Is Alice?",1995,https://www.youtube.com/watch?v=Z6qnRS36EgE,
Mariah Carey,Without You,1994,https://www.youtube.com/watch?v=4iusJui-BxM,
All-4-One,I Swear,1994,https://www.youtube.com/watch?v=5As3A2GhqoE,
Bruce Springsteen,Streets Of Philadelphia,1994,https://www.youtube.com/watch?v=gf9sco0ObvE,
Rednex,Cotton Eye Joe,1994,https://www.youtube.com/watch?v=5Z0SSOwIIbA,
Magic Affair,Omen III,1994,https://www.youtube.com/watch?v=Snze9pFqP0U,
Marusha,Over The Rainbow,1994,https://www.youtube.com/watch?v=9HmFg0WYx34,
Wet Wet Wet,Love Is All Around,1994,https://www.youtube.com/watch?v=1HFUz1CXGkU,
East 17,It's Alright,1993,https://www.youtube.com/watch?v=TrVX0X7W2bM,
"Bryan Adams, Rod Stewart, Sting",All For Love,1993,https://www.youtube.com/watch?v=ofA3URC1wyk,
DJ BoBo,Everybody,1994,https://www.youtube.com/watch?v=ckBvJwPtgtE,
Ace Of Base,All That She Wants,1992,https://www.youtube.com/watch?v=7VBI2wcKxGU,
Haddaway,What Is Love,1993,https://www.youtube.com/watch?v=HEXWRTEbj1I,
4 Non Blondes,What's Up?,1993,https://www.youtube.com/watch?v=XDb_K4KF2qw,
Culture Beat,Mr. Vain,1993,https://www.youtube.com/watch?v=ZMtf_ouMTHw,
2 Unlimited,No Limit,1993,https://www.youtube.com/watch?v=EJjYidUaHxQ,
Snow,Informer,1992,https://www.youtube.com/watch?v=bFlr2ICue0M,
Whitney Houston,I Will Always Love You,1992,https://www.youtube.com/watch?v=T9Ybsvw_0p4,
Dr. Alban,Sing Hallelujah!,1993,https://www.youtube.com/watch?v=mcP1Hq9TkUg,
UB40,(I Can't Help) Falling In Love With You,1993,https://www.youtube.com/watch?v=joh15JIKpI8,
Freddie Mercury,Living On My Own [1993],1993,https://www.youtube.com/watch?v=22QCGBE6oLo,
Snap!,Rhythm Is A Dancer,1992,https://www.youtube.com/watch?v=_TRrHFUFZNU,
Dr. Alban,It's My Life,1992,https://www.youtube.com/watch?v=PvErUgBtUyA,
U 96,Das Boot,1991,https://www.youtube.com/watch?v=YVxXbTk-zsQ,
Inner Circle,Sweat (A La La La La Long),1992,https://www.youtube.com/watch?v=H4UrFXXuXGY,
Erasure,ABBA-esque,1992,https://www.youtube.com/watch?v=pn_59fAbCZw,
Mr. Big,To Be With You,1991,https://www.youtube.com/watch?v=76CeedRQHWg,
Double You,Please Don't Go,1992,https://www.youtube.com/watch?v=ujwm8YrEgI4,
Right Said Fred,Don't Talk Just Kiss,1991,https://www.youtube.com/watch?v=SbwePq8jm3A,
Guns N' Roses,Knockin' On Heaven's Door,1991,https://www.youtube.com/watch?v=UcCNj3q79Ic,
Connie Francis,Jive Connie,1992,https://www.youtube.com/watch?v=NY9X9KX7698,
Scorpions,Wind Of Change,1991,https://www.youtube.com/watch?v=mZ2BueFde9A,
Bryan Adams,(Everything I Do) I Do It For You,1991,https://www.youtube.com/watch?v=Y0pdQU87dc8,
Enigma,Sadeness Part I,1990,https://www.youtube.com/watch?v=4F9DxYhqmKw,
Roxette,Joyride,1991,https://www.youtube.com/watch?v=rQJRUoUrbm8,
Kate Yanai,Bacardi Feeling (Summer Dreamin'),1991,https://www.youtube.com/watch?v=IW33mS1Ptf4,
Torfrock,Beinhart,1990,https://www.youtube.com/watch?v=Pmi0XqTlEY8,
Vanilla Ice,Ice Ice Baby,1990,https://www.youtube.com/watch?v=RQMXMFiWu5I,
Cher,The Shoop Shoop Song (It's In His Kiss),1990,https://www.youtube.com/watch?v=4KLS9sRgSHg,
Zucchero & Paul Young,Senza una donna (Without A Woman),1991,https://www.youtube.com/watch?v=XCd93h76blA,
Diether Krebs,"Ich bin der Martin, ne...?! (Martin My Love)",1991,https://www.youtube.com/watch?v=91RxSeF7htc,
Matthias Reim,Verdammt - ich lieb' dich,1990,https://www.youtube.com/watch?v=kHo32hv5LSc,
Sinéad O'Connor,Nothing Compares 2 U,1990,https://www.youtube.com/watch?v=Mygw8tLodPI,
Phil Collins,Another Day In Paradise,1989,https://www.youtube.com/watch?v=531e-6fz9N4,
Snap!,The Power,1990,https://www.youtube.com/watch?v=sf6qaLARQck,
Snap!,Ooops Up,1990,https://www.youtube.com/watch?v=NKZrvNgI-nA,
DNA feat. Suzanne Vega,Tom's Diner,1990,https://www.youtube.com/watch?v=91ME0nL8Ugo,
Nick Kamen,I Promised Myself,1990,https://www.youtube.com/watch?v=4p9q6rUMf_Q,
UB40,Kingston Town,1989,https://www.youtube.com/watch?v=0rJA9lnGcP4,
Guru Josh,Infinity (1990's... Time For The Guru),1989,https://www.youtube.com/watch?v=ATmPgffGK-8,
Depeche Mode,Enjoy The Silence,1990,https://www.youtube.com/watch?v=p-JCOpNuoIw,
David Hasselhoff,Looking For Freedom,1988,https://www.youtube.com/watch?v=iFS_lAg_tSo,
Mysterious Art,Das Omen (Teil 1),1989,https://www.youtube.com/watch?v=r4F3g2XtkKI,
Robin Beck,First Time,1988,https://www.youtube.com/watch?v=oXk-PPmH5ak,
Roxette,The Look,1989,https://www.youtube.com/watch?v=SXiWHWkbD6Y,
Kaoma,Lambada,1989,https://www.youtube.com/watch?v=Zajz3ZrBwv4,
Madonna,Like A Prayer,1989,https://www.youtube.com/watch?v=JaB-JUaeVpA,
Jive Bunny And The Mastermixers,Swing The Mood,1989,https://www.youtube.com/watch?v=1w88-T0p-I8,
Fine Young Cannibals,She Drives Me Crazy,1988,https://www.youtube.com/watch?v=J--Nq_zDDr8,
Soulsister,The Way To Your Heart,1988,https://www.youtube.com/watch?v=-rzpX12fJy0,
Bobby McFerrin,"Don't Worry, Be Happy",1988,https://www.youtube.com/watch?v=68vZX2uUKKA,
Milli Vanilli,Girl You Know It's True,1988,https://www.youtube.com/watch?v=An2YKPRAx-E,
Ofra Haza,Im nin' alu,1988,https://www.youtube.com/watch?v=ZRnzTTYk7_Q,
O. K.,Okay!,1987,https://www.youtube.com/watch?v=juT__vlc07g,
Pet Shop Boys,Always On My Mind,1987,https://www.youtube.com/watch?v=bDMCwSP5nf0,
France Gall,Ella elle l'a,1987,https://www.youtube.com/watch?v=lgHGU8gqz9U,
Rainhard Fendrich,Macho Macho,1988,https://www.youtube.com/watch?v=YrJs9OqPndI,
Mory Kante,Yé ké yé ké,1987,https://www.youtube.com/watch?v=BVmS0SSSdWM,
Taylor Dayne,Tell It To My Heart,1987,https://www.youtube.com/watch?v=qEpDhxLIAfk,
Salt 'N' Pepa,Push It (Again),1987,https://www.youtube.com/watch?v=vCadcBR95oU,
Fat Boys with Chubby Checker,The Twist,1988,https://www.youtube.com/watch?v=b_1M25ZOspM,
Desireless,Voyage voyage,1986,https://www.youtube.com/watch?v=pRtlnvhDR5o,
Madonna,La isla bonita,1987,https://www.youtube.com/watch?v=UWov7-qFxKk,
Pet Shop Boys,It's A Sin,1987,https://www.youtube.com/watch?v=GkVkzemxdDo,
Mixed Emotions,"You Want Love (Maria, Maria...)",1987,https://www.youtube.com/watch?v=vLvSwkYXV4U,
Whitney Houston,I Wanna Dance With Somebody (Who Loves Me),1987,https://www.youtube.com/watch?v=oKWPYxXkAS0,
John Farnham,You're The Voice,1986,https://www.youtube.com/watch?v=fa3YDYhUYM0,
Richard Sanderson,Reality,1980,https://www.youtube.com/watch?v=arg-TuFxmq0,
Jan Hammer,Crockett's Theme,1984,https://www.youtube.com/watch?v=pEMQpFFjssY,
Bonnie Bianco & Pierre Cosso,Stay,1983,https://www.youtube.com/watch?v=NBvNTnTwxpE,
Billy Idol,Sweet Sixteen,1986,https://www.youtube.com/watch?v=nfYPzf6C_oU,
Falco,Jeanny Part I,1985,https://www.youtube.com/watch?v=MFt2TCCiN7E,
Chris Norman,Midnight Lady,1986,https://www.youtube.com/watch?v=PvCt1M7E1Us,
Level 42,Lessons In Love,1986,https://www.youtube.com/watch?v=4GWl_9mJE-A,
Münchener Freiheit,Ohne dich (schlaf ich heut Nacht nicht ein),1985,https://www.youtube.com/watch?v=Y9x0_gdSepo,
M.C. Miker 'G' & Deejay Sven,Holiday Rap,1986,https://www.youtube.com/watch?v=gYRDDMmPpgg,
Sam Cooke,Wonderful World,1960,https://www.youtube.com/watch?v=R4GLAKEjU4w,
Samantha Fox,Touch Me (I Want Your Body),1986,https://www.youtube.com/watch?v=tLjuwftAZBI,
Bruce & Bongo,Geil,1986,https://www.youtube.com/watch?v=w_P3uwRiimo,
Europe,The Final Countdown,1986,https://www.youtube.com/watch?v=cZid3J36wH8,
Bananarama,Venus,1986,https://www.youtube.com/watch?v=QtngIWazfT0,
Opus,Live Is Life,1984,https://www.youtube.com/watch?v=pATX-lV0VFk,
Modern Talking,"You're My Heart, You're My Soul",1984,https://www.youtube.com/watch?v=y0P_gB5t2Eo,
Paul Hardcastle,19,1985,https://www.youtube.com/watch?v=0sajngb0W6I,
Falco,Rock Me Amadeus,1985,https://www.youtube.com/watch?v=cVikZ8Oe_XA,
Sandra,(I'll Never Be) Maria Magdalena,1985,https://www.youtube.com/watch?v=bd3I_T4el3M,
Tina Turner,We Don't Need Another Hero (Thunderdome),1985,https://www.youtube.com/watch?v=kDERlmd2NS4,
Murray Head,One Night In Bangkok,1984,https://www.youtube.com/watch?v=RnagSceaXss,
Tears For Fears,Shout,1984,https://www.youtube.com/watch?v=Z4voBgiCEjU,
Baltimora,Tarzan Boy,1985,https://www.youtube.com/watch?v=MCP7gQuR2k8,
Modern Talking,You Can Win If You Want,1985,https://www.youtube.com/watch?v=oxM8Kf5SeiA,
Laura Branigan,Self Control,1984,https://www.youtube.com/watch?v=U8v6lFnnBug,
Nino de Angelo,Jenseits von Eden,1983,https://www.youtube.com/watch?v=zsMQdQNlwfk,
Frankie Goes To Hollywood,Relax,1983,https://www.youtube.com/watch?v=iCNLwAv1c1A,
Talk Talk,Such A Shame,1984,https://www.youtube.com/watch?v=iTZYNxry9vA,
Alphaville,Big In Japan,1984,https://www.youtube.com/watch?v=Htyxdk8Qbuw,
Stevie Wonder,I Just Called To Say I Love You,1984,https://www.youtube.com/watch?v=y4_bsyun2ok,
Real Life,Send Me An Angel,1983,https://www.youtube.com/watch?v=07IDakz5Sww,
Masquerade,Guardian Angel,1983,https://www.youtube.com/watch?v=LHj3MYP5uY8,
Evelyn Thomas,High Energy,1984,https://www.youtube.com/watch?v=c6uVXJ3x2Sk,
Frankie Goes To Hollywood,Two Tribes,1984,https://www.youtube.com/watch?v=pO1HC8pHZw0,
Peter Schilling,Major Tom (völlig losgelöst),1982,https://www.youtube.com/watch?v=KQRaj1vcnrs,
Nena,99 Luftballons,1983,https://www.youtube.com/watch?v=2oV1KwiTrdM,
Mike Oldfield,Moonlight Shadow,1983,https://www.youtube.com/watch?v=hA-8iIrnsK4,
Robin Gibb,Juliet,1983,https://www.youtube.com/watch?v=D3k3y7dykx0,
Culture Club,Do You Really Want To Hurt Me,1982,https://www.youtube.com/watch?v=EIDroafKDpI,
Tauchen Prokopetz,Codo (...düse im Sauseschritt),1983,https://www.youtube.com/watch?v=402kTv0aeVM,
Irene Cara,Flashdance ...What A Feeling,1983,https://www.youtube.com/watch?v=7uHZfjAjO7E,
Geier Sturzflug,Bruttosozialprodukt,1983,https://www.youtube.com/watch?v=7Df3vRcoA50,
Rod Stewart,Baby Jane,1983,https://www.youtube.com/watch?v=TVWNiw6AoNE,
Laid Back,Sunshine Reggae,1982,https://www.youtube.com/watch?v=RlZ3bsSaan4,
OMD (Orchestral Manoeuvres In The Dark),Maid Of Orleans (The Waltz Joan Of Arc),1981,https://www.youtube.com/watch?v=aRVeam20F-s,
Spider Murphy Gang,Skandal im Sperrbezirk,1981,https://www.youtube.com/watch?v=oESfa8jt0p8,
Al Bano & Romina Power,Felicità,1982,https://www.youtube.com/watch?v=ZSPkTvdzzDk,
Andy Borg,Adios amor,1982,https://www.youtube.com/watch?v=yp02CEIWX8c,
Falco,Der Kommissar,1981,https://www.youtube.com/watch?v=8-bgiiTxhzM,
Trio,Da da da ich lieb dich nicht du liebst mich nicht aha aha aha,1982,https://www.youtube.com/watch?v=xqTBlft8gQA,
Joachim Witt,Goldener Reiter,1981,https://www.youtube.com/watch?v=wLme-EQY-bQ,
Nicole,Ein bißchen Frieden,1982,https://www.youtube.com/watch?v=9CGM_kb03rw,
Alice,Una notte speciale,1981,https://www.youtube.com/watch?v=czA66jXjEVE,
Markus,Ich will Spaß,1982,https://www.youtube.com/watch?v=UW7lB7p0Eow,
Electronica's,Dance Little Bird,1980,https://www.youtube.com/watch?v=NYz_Od8dzPc,
Stars On 45,Stars On 45,1981,https://www.youtube.com/watch?v=7skQvj-aBV8,
Kim Wilde,Kids In America,1981,https://www.youtube.com/watch?v=6P-et8rXGmI,
Visage,Fade To Grey,1980,https://www.youtube.com/watch?v=eZHk4RwIp_g,
Phil Collins,In The Air Tonight,1981,https://www.youtube.com/watch?v=P4rid7pfHD0,
Barclay James Harvest,Life Is For Living,1980,https://www.youtube.com/watch?v=WD2utw8X17w,
Roland Kaiser,Lieb' mich ein letztes Mal,1981,https://www.youtube.com/watch?v=YLaM9ThdTQQ,
Frank Duval & Orchestra,Angel Of Mine,1980,https://www.youtube.com/watch?v=TFNe3hH6Uro,
Ottawan,Hands Up (Give Me Your Heart),1981,https://www.youtube.com/watch?v=L2pihJJpP80,
Kim Carnes,Bette Davis Eyes,1981,https://www.youtube.com/watch?v=5kh_kmbczAI,
Goombay Dance Band,Sun Of Jamaica,1979,https://www.youtube.com/watch?v=P5OrPKTFBIY,
Pink Floyd,Another Brick In The Wall (Part II),1979,https://www.youtube.com/watch?v=HrxX9TBj2zY,
Ottawan,D.I.S.C.O.,1979,https://www.youtube.com/watch?v=KohGHXEQrSE,
Peter Kent,It's A Real Good Feeling,1979,https://www.youtube.com/watch?v=wiZvYvqUhro,
Styx,Boat On The River,1979,https://www.youtube.com/watch?v=XTG78Avr71I,
Frank Zappa,Bobby Brown,1979,https://www.youtube.com/watch?v=q0fWlClXZrI,
Marti Webb,Take That Look Off Your Face,1980,https://www.youtube.com/watch?v=rPFaJZaeGqA,
Earth & Fire,Weekend,1979,https://www.youtube.com/watch?v=Td-ROBdPOQw,
Garland Jeffreys,Matador,1979,https://www.youtube.com/watch?v=ED4JlcjT-C4,
Mike Krüger,Der Nippel,1980,https://www.youtube.com/watch?v=1KRa4pD6ZUI,
Peter Maffay,So bist du,1979,https://www.youtube.com/watch?v=r-hNP-CkZYE,
Patrick Hernandez,Born To Be Alive,1978,https://www.youtube.com/watch?v=iqjCqAK0eZU,
Village People,Y.M.C.A.,1978,https://www.youtube.com/watch?v=HWl3YA3EEl4,
Blondie,Heart Of Glass,1978,https://www.youtube.com/watch?v=56_tMgR3FXw,
Art Garfunkel,Bright Eyes,1979,https://www.youtube.com/watch?v=a502RejLz8s,
Dschinghis Khan,Dschinghis Khan,1979,https://www.youtube.com/watch?v=EKRZwSPZccc,
M,Pop Muzik,1979,https://www.youtube.com/watch?v=62X0slptfB8,
ABBA,Chiquitita,1979,https://www.youtube.com/watch?v=p9Y3N_2xUsw,
Dschinghis Khan,Moskau,1979,https://www.youtube.com/watch?v=gtC-WohlLw4,
Racey,Some Girls,1979,https://www.youtube.com/watch?v=5E2TAr5IIDY,
Vader Abraham,Das Lied der Schlümpfe,1977,https://www.youtube.com/watch?v=L14dxvSyCrk,
Boney M.,Rivers Of Babylon,1978,https://www.youtube.com/watch?v=GHDVErAq19A,
Wings,Mull Of Kintyre,1977,https://www.youtube.com/watch?v=iZGhxvFkHVg,
John Travolta / Olivia Newton-John,You're The One That I Want,1978,https://www.youtube.com/watch?v=LwfnXM5wzxo,
Bee Gees,Stayin' Alive,1977,https://www.youtube.com/watch?v=WlgoUlOkyzU,
Amanda Lear,Follow Me,1978,https://www.youtube.com/watch?v=nz3AnH-fh44,
Bee Gees,Night Fever,1977,https://www.youtube.com/watch?v=nEhSi5WGS7g,
Gerry Rafferty,Baker Street,1978,https://www.youtube.com/watch?v=ZPX3L44TdS4,
Wishful Thinking,Hiroshima,1971,https://www.youtube.com/watch?v=7coD3oeAve4,
Eruption feat. Precious Wilson,I Can't Stand The Rain,1977,https://www.youtube.com/watch?v=kbpsI2c_3-E,
Pashanim feat Ceren,Shabab(e)s im VIP,2025,https://www.youtube.com/watch?v=HuAMUKcTtdI,
Ayliva,Wie?,2025,https://www.youtube.com/watch?v=CLm6KSNKvAY,
Apache 207,Morgen,2025,https://www.youtube.com/watch?v=Dtq0eUH1DFM,
Pashanim,erstersommerohnedich,2025,https://www.youtube.com/watch?v=BRNcPu4THWQ,
Lady Gaga,Abracadabra,2025,https://www.youtube.com/watch?v=LXuSOkf2M3c,
Ed Sheeran,Azizam,2025,https://www.youtube.com/watch?v=mLOndf14-v0,
Taylor Swift,The Fate of Ophelia,2025,https://www.youtube.com/watch?v=rbmdfEQODOw,
Shirin David,Bauch Beine Po,2024,https://www.youtube.com/watch?v=U5R9dA9EeB8,
Sabrina Carpenter,Espresso,2024,https://www.youtube.com/watch?v=51zjlMhdSTE,
Eminem,Houdini,2024,https://www.youtube.com/watch?v=fTMEMPA7eeA,
Billie Eilish,Birds of a Feather,2024,https://www.youtube.com/watch?v=d5gf9dXbPi0,
Linkin Park,Heavy Is the Crown,2024,https://www.youtube.com/watch?v=ZAt8oxY0GQo,
Beyoncé,Texas Hold 'Em,2024,https://www.youtube.com/watch?v=jCOX8dT9q8M,
"Luca-Dante Spadafora, Niklas Dee & Octavian",Mädchen auf dem Pferd,2023,https://www.youtube.com/watch?v=TOb2NXx_GQo,
Kenya Grace,Strangers,2023,https://www.youtube.com/watch?v=S2TaAcwC_zI,
Ayliva,Hässlich,2023,https://www.youtube.com/watch?v=HEDxRhIRrgY,
Doja Cat,Paint The Town Red,2023,https://www.youtube.com/watch?v=EiAMmYbr3vA,
Apache 207,Breaking Your Heart,2023,https://www.youtube.com/watch?v=ibtkwzMr3QA,
Olivia Rodrigo,Vampire,2023,https://www.youtube.com/watch?v=Fqey8LxQxFU,
Luciano feat. Aitch & BIA,Bamba,2022,https://www.youtube.com/watch?v=wY6Sda966X4,
Sam Smith & Kim Petras,Unholy,2022,https://www.youtube.com/watch?v=QMGGaNynpLI,
Rosa Linn,Snap,2022,https://www.youtube.com/watch?v=--eH76tgoNw,
Rema,Calm Down,2022,https://www.youtube.com/watch?v=W50sgQV1pl0,
"Ion Miles, Sira & BHZ",Powerade,2022,https://www.youtube.com/watch?v=JuWJMrKH43E,
James Hype & Miggy Dela Rosa,Ferrari,2022,https://www.youtube.com/watch?v=CgeleP7nWN0,
24kGoldn feat. iann dior,Mood,2020,https://www.youtube.com/watch?v=2fvw0TkENHM,
Master KG feat. Burna Boy & Nomcebo Zikode,Jerusalema (Remix),2020,https://www.youtube.com/watch?v=9-RhCvYpxqc,
Joel Corry feat. MNEK,Head & Heart,2020,https://www.youtube.com/watch?v=XHljluR8fkg,
Pashanim,Airwaves,2020,https://www.youtube.com/watch?v=D0vwYRp97YU,
Mark Forster,Übermorgen,2020,https://www.youtube.com/watch?v=mL2qsS_xrLg,
Shirin David,90-60-111,2020,https://www.youtube.com/watch?v=7_MP-wbqVxg,
Olivia Rodrigo,drivers license,2021,https://www.youtube.com/watch?v=ttRz03c208g,
Adele,Easy On Me,2021,https://www.youtube.com/watch?v=X-yIEMduRXk,
Lil Nas X,MONTERO (Call Me By Your Name),2021,https://www.youtube.com/watch?v=nsXwi67WgOo,
Montez,Auf & Ab,2021,https://www.youtube.com/watch?v=nYLsLLpSc_M,
Pashanim,Sommergewitter,2021,https://www.youtube.com/watch?v=ih76IFYPevA,
Farruko,Pepas,2021,https://www.youtube.com/watch?v=acm6O4WwgBg,
Ariana Grande,7 rings,2019,https://www.youtube.com/watch?v=M84fFXooS5w,
Capital Bra,Cherry Lady,2019,https://www.youtube.com/watch?v=yMO_VnwAlzw,
Sarah Connor,Vincent,2019,https://www.youtube.com/watch?v=_rrK-AwCzEI,
Shirin David,Gib ihm,2019,https://www.youtube.com/watch?v=0umBtXNM93M,
Rammstein,Deutschland,2019,https://www.youtube.com/watch?v=iP3VHktVzkc,
"YouNotUs, Janieck & Senex",Narcotic,2019,https://www.youtube.com/watch?v=EXsnLswX0cA,
Olexesh feat. Edin,Magisch,2018,https://www.youtube.com/watch?v=hNbaqBRYHJM,
Capital Bra feat. Ufo361,Neymar,2018,https://www.youtube.com/watch?v=vbPOegitGMU,
Bonez MC & RAF Camora,500 PS,2018,https://www.youtube.com/watch?v=hLWGlq_2qbk,
George Ezra,Shotgun,2018,https://www.youtube.com/watch?v=v_B3qkp4nO4,
Drake,God's Plan,2018,https://www.youtube.com/watch?v=pPKx-fon1nY,
"KitschKrieg feat. Trettmann, Gzuz, Gringo & Ufo361",Standard,2018,https://www.youtube.com/watch?v=kCoUOEn90F8,
Sia,Chandelier,2014,https://www.youtube.com/watch?v=9bKkogQlWPw,
Meghan Trainor,All About That Bass,2014,https://www.youtube.com/watch?v=QgmzAu7_wyc,
Taylor Swift,Shake It Off,2014,https://www.youtube.com/watch?v=Z4A9ZZo_rAE,
David Guetta feat. Sam Martin,Dangerous,2014,https://www.youtube.com/watch?v=FsfrsLxt0l8,
Marlon Roudette,When the Beat Drops Out,2014,https://www.youtube.com/watch?v=K8sxCvBvhjk,
Tove Lo,Habits (Stay High) [Hippie Sabotage Remix],2014,https://www.youtube.com/watch?v=SYM-RJwSGQ8,
Clean Bandit feat. Sean Paul & Anne-Marie,Rockabye,2016,https://www.youtube.com/watch?v=sP2yc_TVuzQ,
The Weeknd feat. Daft Punk,Starboy,2016,https://www.youtube.com/watch?v=xizN47Box_Y,
The Chainsmokers feat. Halsey,Closer,2016,https://www.youtube.com/watch?v=25ROFXjoaAU,
257ers,Holz,2016,https://www.youtube.com/watch?v=wjXUBG15eZ8,
Bonez MC & RAF Camora,Palmen aus Plastik,2016,https://www.youtube.com/watch?v=MQzoUbEbDZA,
Twenty One Pilots,Heathens,2016,https://www.youtube.com/watch?v=zq2pagG8_ok,
Namika,Lieblingsmensch,2015,https://www.youtube.com/watch?v=6Bt1KeMNqvc,
Glasperlenspiel,Geiles Leben,2015,https://www.youtube.com/watch?v=NQJFPQHX8kA,
Lost Frequencies feat. Janieck,Reality,2015,https://www.youtube.com/watch?v=_uC_hmA64ns,
Justin Bieber,What Do You Mean?,2015,https://www.youtube.com/watch?v=NywWB67Z7zQ,
Zara Larsson,Lush Life,2015,https://www.youtube.com/watch?v=MysKegBRtaA,
EFF,Stimme,2015,https://www.youtube.com/watch?v=TKHfEmkdpYU,
Camila Cabello feat. Young Thug,Havana,2017,https://www.youtube.com/watch?v=egtD5GfAh58,
J Balvin & Willy William,Mi Gente,2017,https://www.youtube.com/watch?v=wnJ6LuUFpMo,
P!nk,What About Us,2017,https://www.youtube.com/watch?v=Uly501wCkYI,
Jonas Blue feat. William Singe,Mama,2017,https://www.youtube.com/watch?v=ERMRWk1bwqo,
Ofenbach vs. Nick Waterhouse,Katchi,2017,https://www.youtube.com/watch?v=viV9grBVc6U,
Jason Derulo feat. Nicki Minaj & Ty Dolla $ign,Swalla,2017,https://www.youtube.com/watch?v=xoWEQLpBoE0,
Milky Chance,Stolen Dance,2013,https://www.youtube.com/watch?v=dAuAyA9dBBU,
Klingande,Jubel,2013,https://www.youtube.com/watch?v=0JDjtM10j7w,
OneRepublic,Counting Stars,2013,https://www.youtube.com/watch?v=mgT0N3tMP74,
Adel Tawil,Lieder,2013,https://www.youtube.com/watch?v=kiMG_JV2gbo,
Stromae,Papaoutai,2013,https://www.youtube.com/watch?v=GLOlXoX8Uhs,
Sportfreunde Stiller,"Applaus, Applaus",2013,https://www.youtube.com/watch?v=GSfpDlN8Fyg,
Adele,Skyfall,2012,https://www.youtube.com/watch?v=DeumyOzKqgI,
"Marteria, Yasha & Miss Platnum",Lila Wolken,2012,https://www.youtube.com/watch?v=CrYYg_atdtk,
The Script feat. will.i.am,Hall of Fame,2012,https://www.youtube.com/watch?v=v8xgecy_ivw,
Swedish House Mafia feat. John Martin,Don't You Worry Child,2012,https://www.youtube.com/watch?v=DB8v0nYvGrE,
Bruno Mars,Locked Out of Heaven,2012,https://www.youtube.com/watch?v=WzsYtW8zyXU,
Sido,Bilder im Kopf,2012,https://www.youtube.com/watch?v=1XoEQGKjoEM,
Eminem feat. Rihanna,Love the Way You Lie,2010,https://www.youtube.com/watch?v=a-U8osE4BD8,
Katy Perry feat. Snoop Dogg,California Gurls,2010,https://www.youtube.com/watch?v=CTVJTt-Gfx8,
Madcon,Glow,2010,https://www.youtube.com/watch?v=FpMnf1bxzEw,
Laserkraft 3D,"Nein, Mann!",2010,https://www.youtube.com/watch?v=HBjDZMJUduo,
Duck Sauce,Barbra Streisand,2010,https://www.youtube.com/watch?v=UpxKKBLUP2g,
Lady Gaga,Alejandro,2010,https://www.youtube.com/watch?v=ucniWROEZC4,
Maroon 5 feat. Christina Aguilera,Moves Like Jagger,2011,https://www.youtube.com/watch?v=Q-jqcZ_Jbd8,
Adele,Someone Like You,2011,https://www.youtube.com/watch?v=z7GCiVTlv04,
Lady Gaga,Born This Way,2011,https://www.youtube.com/watch?v=4S_vclBlGZo,
Avicii,Levels,2011,https://www.youtube.com/watch?v=C3Ti0nZjtp8,
Lana Del Rey,Video Games,2011,https://www.youtube.com/watch?v=hAV9ideCFEc,
Taio Cruz feat. Flo Rida,Hangover,2011,https://www.youtube.com/watch?v=97PT8to46fc,
Lady Gaga,Bad Romance,2009,https://www.youtube.com/watch?v=TTOPBQhrvtQ,
David Guetta feat. Akon,Sexy Bitch,2009,https://www.youtube.com/watch?v=uSehiDpxDaI,
Alexander Rybak,Fairytale,2009,https://www.youtube.com/watch?v=1rVY08gRGmA,
Robbie Williams,Bodies,2009,https://www.youtube.com/watch?v=KbGwS1lDQZs,
Ich + Ich,Pflaster,2009,https://www.youtube.com/watch?v=k0cJcn6UW9Q,
OneRepublic,Secrets,2009,https://www.youtube.com/watch?v=BHsIHlyOMpc,
Polarkreis 18,Allein Allein,2008,https://www.youtube.com/watch?v=F7Lq8wwSDCo,
Rosenstolz,Gib mir Sonne,2008,https://www.youtube.com/watch?v=xlEJttAGxik,
Katy Perry,Hot n Cold,2008,https://www.youtube.com/watch?v=K9udREBvMdE,
The Killers,Human,2008,https://www.youtube.com/watch?v=k4jR9P9YJGo,
Coldplay,Viva la Vida,2008,https://www.youtube.com/watch?v=y4zdDXPYo0I,
Söhne Mannheims,Das hat die Welt noch nicht gesehen,2008,https://www.youtube.com/watch?v=w6EKVJtI6fg,
Rihanna,Unfaithful,2006,https://www.youtube.com/watch?v=pjqBRC5UqYg,
Nelly Furtado,Maneater,2006,https://www.youtube.com/watch?v=hUxSboj-FzI,
Justin Timberlake,SexyBack,2006,https://www.youtube.com/watch?v=Cg6IDiTqIUs,
Sunrise Avenue,Fairytale Gone Bad,2006,https://www.youtube.com/watch?v=rTPTEibUiNI,
Christina Aguilera,Hurt,2006,https://www.youtube.com/watch?v=7AY8iJtu_9Q,
Rosenstolz,Ich geh in Flammen auf,2006,https://www.youtube.com/watch?v=Cp3hS6agd_o,
James Blunt,You're Beautiful,2005,https://www.youtube.com/watch?v=M_q82PPHduI,
Madonna,Hung Up,2005,https://www.youtube.com/watch?v=vt1PkRXjKGw,
Sugababes,Push the Button,2005,https://www.youtube.com/watch?v=oC4Q5cBaOsU,
Fettes Brot,Emanuela,2005,https://www.youtube.com/watch?v=O5w-cks4LKA,
Melanie C,First Day of My Life,2005,https://www.youtube.com/watch?v=0TEaHoQ9ZjA,
Robbie Williams,Tripping,2005,https://www.youtube.com/watch?v=gwPsWvYWrF8,
Alex C. feat. Y-ass,Du hast den schönsten Arsch der Welt,2007,https://www.youtube.com/watch?v=mseAAV455hI,
Monrose,Hot Summer,2007,https://www.youtube.com/watch?v=U-LTZALjWfM,
Die Ärzte,Junge,2007,https://www.youtube.com/watch?v=lsrjVH-o5fk,
James Blunt,1973,2007,https://www.youtube.com/watch?v=uWeqeQkjLto,
Linkin Park,What I've Done,2007,https://www.youtube.com/watch?v=SAmalp-W8I8,
Rihanna,Don't Stop The Music,2007,https://www.youtube.com/watch?v=wChU2N7Q3GU,
Eric Prydz,Call on Me,2004,https://www.youtube.com/watch?v=-6hpGaTkP0A,
Juli,Perfekte Welle,2004,https://www.youtube.com/watch?v=H5vJXxvJ3F8,
Britney Spears,Toxic,2004,https://www.youtube.com/watch?v=83AOwdfH1Z0,
Anastacia,Left Outside Alone,2004,https://www.youtube.com/watch?v=grfuW9nB9po,
Maroon 5,This Love,2004,https://www.youtube.com/watch?v=On8cmjAdXpk,
Die Fantastischen Vier,Troy,2004,https://www.youtube.com/watch?v=OkpCrzs-O18,
Buddy vs. DJ The Wave,Ab in den Süden,2003,https://www.youtube.com/watch?v=fYcHMFItQak,
Evanescence,Bring Me To Life,2003,https://www.youtube.com/watch?v=JixFMKqQU5w,
Dido,White Flag,2003,https://www.youtube.com/watch?v=tKVcwJuthnY,
50 Cent,In Da Club,2003,https://www.youtube.com/watch?v=H3axP4norfk,
Overground,Schick mir 'nen Engel,2003,https://www.youtube.com/watch?v=m9Z_zPPurl4,
Sean Paul,Get Busy,2003,https://www.youtube.com/watch?v=48WYrO_kxQQ,
"Christina Aguilera, Lil' Kim, Mýa & P!nk",Lady Marmalade,2001,https://www.youtube.com/watch?v=R_2KBreSXZc,
Dante Thomas feat. Pras,Miss California,2001,https://www.youtube.com/watch?v=UqFFRzc58lg,
Alicia Keys,Fallin',2001,https://www.youtube.com/watch?v=abcZMQASXF8,
Nickelback,How You Remind Me,2001,https://www.youtube.com/watch?v=sUKY3l9Buiw,
No Angels,There Must Be An Angel,2001,https://www.youtube.com/watch?v=NyBwdBIqmXg,
Afroman,Because I Got High,2001,https://www.youtube.com/watch?v=GfZRgCLE4yw,
Britney Spears,Oops!... I Did It Again,2000,https://www.youtube.com/watch?v=gmWlNI4Zl2s,
Eminem,The Real Slim Shady,2000,https://www.youtube.com/watch?v=rkqMbsmLrtA,
Reamonn,Supergirl,2000,https://www.youtube.com/watch?v=WeVykZXY0Rw,
Modjo,Lady (Hear Me Tonight),2000,https://www.youtube.com/watch?v=mMfxI3r_LyA,
Anastacia,I'm Outta Love,2000,https://www.youtube.com/watch?v=J2HnAn1KeAw,
Outkast,Ms. Jackson,2000,https://www.youtube.com/watch?v=-1iF8CJGOZ0,
Avril Lavigne,Complicated,2002,https://www.youtube.com/watch?v=5eGbnVlRcRg,
Nelly feat. Kelly Rowland,Dilemma,2002,https://www.youtube.com/watch?v=_cKNKrIsEzs,
Scooter,Nessaja,2002,https://www.youtube.com/watch?v=OGv1ZaUe-wQ,
P!nk,Just Like a Pill,2002,https://www.youtube.com/watch?v=tBTIRlKBDLA,
Christina Aguilera feat. Redman,Dirrty,2002,https://www.youtube.com/watch?v=n66mHZ4gdZ8,
Atomic Kitten,The Tide Is High (Get The Feeling),2002,https://www.youtube.com/watch?v=ptreP08OMio,
Bloodhound Gang,The Bad Touch,1999,https://www.youtube.com/watch?v=wusG3SvBRis,
Stefan Raab,Maschen-Draht-Zaun,1999,https://www.youtube.com/watch?v=uP1GeF5wiHs,
Die Fantastischen Vier,MfG,1999,https://www.youtube.com/watch?v=uUV3KvnvT-w,
Backstreet Boys,I Want It That Way,1999,https://www.youtube.com/watch?v=qjlVAsvQLM8,
Alice Deejay,Better Off Alone,1999,https://www.youtube.com/watch?v=p8Z-NzzAF3U,
Sasha,I Feel Lonely,1999,https://www.youtube.com/watch?v=9WBIkyWUN84,
Backstreet Boys,Everybody (Backstreet's Back),1997,https://www.youtube.com/watch?v=e-syzbglE6g,
Sash! feat. Rodriguez,Ecuador,1997,https://www.youtube.com/watch?v=9cQlVww0zKo,
Sabrina Setlur,Du liebst mich nicht,1997,https://www.youtube.com/watch?v=gREgX5h2qt4,
Hanson,MMMBop,1997,https://www.youtube.com/watch?v=KPHwujBGchE,
Natalie Imbruglia,Torn,1997,https://www.youtube.com/watch?v=UOJkzcJigGI,
Rammstein,Du hast,1997,https://www.youtube.com/watch?v=yp8FCEN99iM,
Cher,Believe,1998,https://www.youtube.com/watch?v=isOzTi8rUwM,
Aerosmith,I Don't Want to Miss a Thing,1998,https://www.youtube.com/watch?v=T-doQhcwDS8,
Pras Michel feat. Ol' Dirty Bastard & Mýa,Ghetto Supastar (That Is What You Are),1998,https://www.youtube.com/watch?v=4kuQebbfy-g,
Robbie Williams,Millennium,1998,https://www.youtube.com/watch?v=cIKi8N3WuMs,
Sasha,If You Believe,1998,https://www.youtube.com/watch?v=WE8-49VC0YY,
Ricky Martin,La Copa de la Vida,1998,https://www.youtube.com/watch?v=0emP6RdAZzE,
Backstreet Boys,Quit Playing Games (With My Heart),1996,https://www.youtube.com/watch?v=LZQQHc0UjDQ,
Die Toten Hosen,Zehn kleine Jägermeister,1996,https://www.youtube.com/watch?v=yiZ_L3vhbDU,
Toni Braxton,Un-Break My Heart,1996,https://www.youtube.com/watch?v=e3dGBR0Khjw,
Tic Tac Toe,Verpiss' dich,1996,https://www.youtube.com/watch?v=a446aJGRO9A,
The Prodigy,Breathe,1996,https://www.youtube.com/watch?v=6_PAHbqq-o4,
Chilli feat. Carrapicho,Tic Tic Tac,1996,https://www.youtube.com/watch?v=EkT5wdZWR0I,
Die Fantastischen Vier,Sie ist weg,1995,https://www.youtube.com/watch?v=6YDfW_6hE74,
Shaggy,Boombastic,1995,https://www.youtube.com/watch?v=YZrqS4w0srk,
Michael Jackson,Earth Song,1995,https://www.youtube.com/watch?v=OstvvP8QuxQ,
Sin With Sebastian,Shut Up (and Sleep with Me),1995,https://www.youtube.com/watch?v=KTfXUXqtkQw,
Michael Jackson,You Are Not Alone,1995,https://www.youtube.com/watch?v=qo8Dx9JRpqY,
Pet Shop Boys,Go West,1993,https://www.youtube.com/watch?v=KbI-PCrmHoM,
Meat Loaf,I'd Do Anything for Love (But I Won't Do That),1993,https://www.youtube.com/watch?v=-qleBCzkxic,
Die Prinzen,Alles nur geklaut,1993,https://www.youtube.com/watch?v=EqOjknEg18Q,
Soul Asylum,Runaway Train,1993,https://www.youtube.com/watch?v=OzzKBxlIiEQ,
Haddaway,Life,1993,https://www.youtube.com/watch?v=3KcItSTwNuc,
Paul McCartney,Hope of Deliverance,1993,https://www.youtube.com/watch?v=BPJIQhjzR7g,
Die Fantastischen Vier,Die da!?!,1992,https://www.youtube.com/watch?v=FkOIlnIMHyc,
Roxette,How Do You Do!,1992,https://www.youtube.com/watch?v=imW5F1OO9N4,
Captain Hollywood Project,More and More,1992,https://www.youtube.com/watch?v=D6EWuWH-aNM,
Michael Jackson,Heal the World,1992,https://www.youtube.com/watch?v=02CcUCPkw-s,
U2,One,1992,https://www.youtube.com/watch?v=XRmpvPtcTAQ,
Charles & Eddie,Would I Lie to You?,1992,https://www.youtube.com/watch?v=9_qij2b9-Jg,
Youssou N'Dour & Neneh Cherry,7 Seconds,1994,https://www.youtube.com/watch?v=vbWtcQ01vmc,
Scooter,Hyper Hyper,1994,https://www.youtube.com/watch?v=aoXOdAUD7IM,
Mo-Do,"Eins, Zwei, Polizei",1994,https://www.youtube.com/watch?v=dSy2DcATYUo,
Prince Ital Joe feat. Marky Mark,United,1994,https://www.youtube.com/watch?v=smuiKhzZhxo,
Bon Jovi,Always,1994,https://www.youtube.com/watch?v=EwWMUUe_9PI,
Lucilectric,Mädchen,1994,https://www.youtube.com/watch?v=AFIzmOtTusg,
Nirvana,Smells Like Teen Spirit,1991,https://www.youtube.com/watch?v=69Wqhhun5_o,
Salt-N-Pepa,Let's Talk About Sex,1991,https://www.youtube.com/watch?v=mPpeC_GW0cg,
Michael Jackson,Black or White,1991,https://www.youtube.com/watch?v=OD93J3ZL2QE,
Crystal Waters,Gypsy Woman (She's Homeless),1991,https://www.youtube.com/watch?v=0ml4kF4YBDk,
Army of Lovers,Crucified,1991,https://www.youtube.com/watch?v=cKlBnjlpLIM,
Roxette,Fading Like a Flower (Every Time You Leave),1991,https://www.youtube.com/watch?v=nug4fi_L4JY,
Londonbeat,I've Been Thinking About You,1990,https://www.youtube.com/watch?v=REcZmc5YX28,
Charles D. Lewis,Soca Dance,1990,https://www.youtube.com/watch?v=gp0GpW9VC3c,
MC Hammer,U Can't Touch This,1990,https://www.youtube.com/watch?v=d5_0tEtZ70c,
Madonna,Vogue,1990,https://www.youtube.com/watch?v=zI23VqAR3RQ,
C+C Music Factory,Gonna Make You Sweat (Everybody Dance Now),1990,https://www.youtube.com/watch?v=3qtP6h-KwQg,
Adamski,Killer,1990,https://www.youtube.com/watch?v=LtYujyhvIyQ,
Technotronic,Pump Up the Jam,1989,https://www.youtube.com/watch?v=wE3ymK6MCvc,
Depeche Mode,Personal Jesus,1989,https://www.youtube.com/watch?v=u1xrNaTO1bI,
The Bangles,Eternal Flame,1989,https://www.youtube.com/watch?v=wlZqSCrNmtg,
Wildecker Herzbuben,Herzilein,1989,https://www.youtube.com/watch?v=1-s6pPNRZ1U,
Tina Turner,The Best,1989,https://www.youtube.com/watch?v=TAIBL5fRh4c,
Rocco Granata & The Carnations,Marina (Remix '89),1989,https://www.youtube.com/watch?v=m_GCzIFdrME,
Original Naabtal Duo,Patrona Bavariae,1988,https://www.youtube.com/watch?v=xdbPdGqjZGM,
Whitney Houston,One Moment In Time,1988,https://www.youtube.com/watch?v=NVIpECtQfNM,
Michael Jackson,Smooth Criminal,1988,https://www.youtube.com/watch?v=gV5SnMKpEqs,
Womack & Womack,Teardrops,1988,https://www.youtube.com/watch?v=gEnDy1HvRaI,
Herbert Grönemeyer,Was soll das,1988,https://www.youtube.com/watch?v=V-ntQ1g7zzc,
Yazz and the Plastic Population,The Only Way Is Up,1988,https://www.youtube.com/watch?v=vjD3EVC1-zU,
Rick Astley,Never Gonna Give You Up,1987,https://www.youtube.com/watch?v=SbYXkOAoZpI,
George Michael,Faith,1987,https://www.youtube.com/watch?v=TKWD4d1rnJ4,
Bee Gees,You Win Again,1987,https://www.youtube.com/watch?v=9qdqDyo4S4Y,
Michael Jackson,Bad,1987,https://www.youtube.com/watch?v=5dAWTpsCeXk,
Sabrina,Boys (Summertime Love),1987,https://www.youtube.com/watch?v=B-d4k1UXFQU,
M|A|R|R|S,Pump Up the Volume,1987,https://www.youtube.com/watch?v=w9gOQgfPW4Y,
George Michael,Careless Whisper,1984,https://www.youtube.com/watch?v=JqIHlDVqUTw,
Jermaine Jackson & Pia Zadora,When the Rain Begins to Fall,1984,https://www.youtube.com/watch?v=lqN-O9fZ6vk,
Bronski Beat,Smalltown Boy,1984,https://www.youtube.com/watch?v=E5i2Wa7daDA,
Alphaville,Sounds Like a Melody,1984,https://www.youtube.com/watch?v=sUz2DK-ucWc,
Lionel Richie,Hello,1984,https://www.youtube.com/watch?v=U7Z0qpn_OQs,
Duran Duran,The Wild Boys,1984,https://www.youtube.com/watch?v=M43wsiNBwmo,
Modern Talking,Brother Louie,1986,https://www.youtube.com/watch?v=KWluXeUUUNA,
Falco,"Coming Home (Jeanny Part II, One Year Later)",1986,https://www.youtube.com/watch?v=FOqh6suxtA8,
Frankie Goes to Hollywood,Rage Hard,1986,https://www.youtube.com/watch?v=T9AXDPCWics,
Status Quo,In the Army Now,1986,https://www.youtube.com/watch?v=EIxsPBbZ_b8,
Mel & Kim,Showing Out (Get Fresh at the Weekend),1986,https://www.youtube.com/watch?v=14b-BASNVdI,
Doctor & the Medics,Spirit in the Sky,1986,https://www.youtube.com/watch?v=VrUoDdS8lBc,
Modern Talking,"Cheri, Cheri Lady",1985,https://www.youtube.com/watch?v=lrIKt5uDWZo,
USA for Africa,We Are the World,1985,https://www.youtube.com/watch?v=s3wNuru4U0I,
Elton John,Nikita,1985,https://www.youtube.com/watch?v=-nnGXVC1WcY,
Dire Straits,Money for Nothing,1985,https://www.youtube.com/watch?v=qmRzbKNbTsY,
Lionel Richie,"Say You, Say Me",1985,https://www.youtube.com/watch?v=uDeIZhuefrw,
Pet Shop Boys,West End Girls,1985,https://www.youtube.com/watch?v=f_fcSzKVzxI,
F.R. David,Words,1982,https://www.youtube.com/watch?v=oZaDX7cgJEo,
Nena,Nur geträumt,1982,https://www.youtube.com/watch?v=HEGRwUuWn64,
Survivor,Eye of the Tiger,1982,https://www.youtube.com/watch?v=_qDML_BCju8,
Hubert Kah,Sternenhimmel,1982,https://www.youtube.com/watch?v=Krr2nWif65Q,
Dexys Midnight Runners,Come on Eileen,1982,https://www.youtube.com/watch?v=6BODDyZRF6A,
Musical Youth,Pass the Dutchie,1982,https://www.youtube.com/watch?v=B7ookp6BBJk,
Michael Jackson,Billie Jean,1983,https://www.youtube.com/watch?v=Zi_XLOBDo_Y,
Eurythmics,Sweet Dreams (Are Made of This),1983,https://www.youtube.com/watch?v=bG9z-atG7gc,
Culture Club,Karma Chameleon,1983,https://www.youtube.com/watch?v=JFvXvV0oZIo,
New Order,Blue Monday,1983,https://www.youtube.com/watch?v=c1GxjzHm5us,
Righeira,Vamos a la playa,1983,https://www.youtube.com/watch?v=sTsVJ1PsnMs,
Stefan Waggershausen & Alice,Zu Nah Am Feuer,1983,https://www.youtube.com/watch?v=4B3uo8Izpsc,
Roland Kaiser,Santa Maria,1980,https://www.youtube.com/watch?v=0oJ99THF4Rc,
ABBA,Super Trouper,1980,https://www.youtube.com/watch?v=ktNt-69TixI,
Barbra Streisand,Woman in Love,1980,https://www.youtube.com/watch?v=hQLGCX8D-1Y,
Lipps Inc.,Funkytown,1980,https://www.youtube.com/watch?v=Z6dqIYKIBSU,
Diana Ross,Upside Down,1980,https://www.youtube.com/watch?v=Po0BbGMSX4g,
Olivia Newton-John & Electric Light Orchestra,Xanadu,1980,https://www.youtube.com/watch?v=cLi8fTlDEag,
Soft Cell,Tainted Love,1981,https://www.youtube.com/watch?v=PE0Wu1ivS7Q,
Aneka,Japanese Boy,1981,https://www.youtube.com/watch?v=YyTruRHZsFQ,
Gottlieb Wendehals,Polonäse Blankenese,1981,https://www.youtube.com/watch?v=bf6pR6MC2Xs,
ABBA,One of Us,1981,https://www.youtube.com/watch?v=KoT5vV25Qng,
Shakin' Stevens,This Ole House,1981,https://www.youtube.com/watch?v=dRvcrWGUmR4,
The Human League,Don't You Want Me,1981,https://www.youtube.com/watch?v=qFwN_j_5ndU,
Luv',You're the Greatest Lover,1978,https://www.youtube.com/watch?v=0r82pPsShWI,
Boney M.,Rasputin,1978,https://www.youtube.com/watch?v=Nl_Eo2QzqU4,
Smokie,Mexican Girl,1978,https://www.youtube.com/watch?v=-7ZCEXnsDyQ,
Marshall Hain,Dancing In The City,1978,https://www.youtube.com/watch?v=NjYgLIicqus,
Bino,Mama Leone,1978,https://www.youtube.com/watch?v=CRcXv_zMq64,
Gebrüder Blattschuss,Kreuzberger Nächte,1978,https://www.youtube.com/watch?v=lPOGAob2w_g,
Cliff Richard,We Don't Talk Anymore,1979,https://www.youtube.com/watch?v=GzjX18psf9A,
Donna Summer,Hot Stuff,1979,https://www.youtube.com/watch?v=knmBAKUMPaI,
The Buggles,Video Killed the Radio Star,1979,https://www.youtube.com/watch?v=W8r-tXRLazs,
ABBA,Gimme! Gimme! Gimme! (A Man After Midnight),1979,https://www.youtube.com/watch?v=-mHMvYn6RVs,
Anita Ward,Ring My Bell,1979,https://www.youtube.com/watch?v=TaBLlkqx7eU,
KISS,I Was Made for Lovin' You,1979,https://www.youtube.com/watch?v=ooZ-Sqx5gh0,
Baccara,"Yes Sir, I Can Boogie",1977,https://www.youtube.com/watch?v=32wDFCM7iSI,
Boney M.,Ma Baker,1977,https://www.youtube.com/watch?v=aDRocLX0tao,
Donna Summer,I Feel Love,1977,https://www.youtube.com/watch?v=9ZqqvrWCs3Q,
Smokie,Lay Back in the Arms of Someone,1977,https://www.youtube.com/watch?v=q_UpIcV4Bdg,
Santa Esmeralda,Don't Let Me Be Misunderstood,1977,https://www.youtube.com/watch?v=6k2z_4vQUu8,
Space,Magic Fly,1977,https://www.youtube.com/watch?v=TONnzySDbqk,
ABBA,Dancing Queen,1976,https://www.youtube.com/watch?v=xFrGuyw1V8s,
Kate Bush,Running Up That Hill,1985,https://www.youtube.com/watch?v=wp43OdtAAkM,
Djo,End of beginning,2022,https://www.youtube.com/watch?v=B3Z4XGAxJB0,
Limahl,Never Ending Story,1984,https://www.youtube.com/watch?v=2WN0T-Ee3q4,
Cro,Einmal um die Welt,2011,https://www.youtube.com/watch?v=u2pySXCmwpc,
Justin Bieber,Sorry,2015,https://www.youtube.com/watch?v=8ELbX5CMomE,